Class,Text
1,"Baksana abi bÃ¼yÃ¼k konuÅŸmuÅŸ helal olsun beee BeÅŸiktaÅŸ'Ä±mÄ±n hakkÄ±nÄ± yumruklarÄ± masaya vura vura savunuyorlar! YazÄ±k!  ""TÃ¼rk futbolunun iÃ§inde namuslu ve ÅŸerefli insanlarÄ±n olduÄŸuna ben inanÄ±yorum.""  - Emre KocadaÄŸ"
1,"SÃ¼tÃ¼nÃ¼zÃ¼ sileyim BeÅŸiktaÅŸ dÃ¼ÅŸmanlarÄ±, alayÄ±nÄ±z oÃ§ sunuz inadÄ±nÄ±za BeÅŸiktaÅŸ, #halilumutmeler#mhk senin ananÄ± avradÄ±nÄ± sileyim ÅŸikeci kÃ¶pek"
1,@Gedson_1414 @Besiktas FetÃ¶cÃ¼ yada ÅŸikeci renklilerden olmaktansa. Åerefli ikinciliklere razÄ± olmak iyidir.
1,"@1907AAG6 @FerroTizziano @kanaryafenernet @Besiktas Jimnastik kulubÃ¼ olmak utanÄ±lacak biÅŸey deÄŸil, ÅŸikeci diye anÄ±lmak utanÄ±lacak biÅŸey"
1,Halil Umut Meler  Daha neler neler  Åikeci cimbom korkak fener BeÅŸiktaÅŸ'Ä±m deler geÃ§er    #HerMaÃ§aHalilUmutMeler
1,"@Besiktas @bekoturkiye Biz temizleriz"" Ã§ok manidar reklam olmuÅŸ. Ä°nÅŸallah bu ÅŸikeci kafalarÄ± temiz oyunumuz BeÅŸiktaÅŸlÄ± duruÅŸumuzla temizliycez, artÄ±k bu Ã¼lkede hakem odalarÄ±nÄ± basarak raÄŸbet gÃ¶remeyecekler.."
1,@MuratcanCetin6 @bjkbasgani BeÅŸiktaÅŸ lehinedir Ä°nÅŸAllah.
1,"Selamlar,bayramÄ±n 3. gÃ¼nÃ¼nde FenerbahÃ§e ve BeÅŸiktaÅŸâ€™Ä±n kazanmasÄ±nÄ±,Galatasarayâ€™Ä±n ise belasÄ±nÄ± bulmasÄ±nÄ± cenab-Ä± haktan niyaz ederim"
1,"@taci_kalkavan Heyecandan kusucam amk!! Sabaha kadar iÃ§tim, iki saat uyuyup kalkÄ±p temizlik yapmaya baÅŸladÄ±m. KireÃ§ Ã§Ã¶zÃ¼cÃ¼ ve Ã§amaÅŸÄ±r suyu kokteyli bile heyecanÄ±mÄ± bastÄ±ramÄ±yor!!! Allahâ€™Ä±nÄ± seversen yen BeÅŸiktaÅŸâ€™Ä±m!!!!"
1,"Sabah sabah uyanÄ±p sergen hocamÄ±n posterine tebessÃ¼m ederek gÃ¼naydÄ±n demek istanbul'a arkasÄ±ndan edip akbayram ""bekle bizi istanbul "" eÅŸliÄŸinde beÅŸiktaÅŸ videosu izlemek oÄŸlum valla bizi anlayamazlar #besiktasinmacivar #SenSampiyonOlacaksÄ±n #Besiktas"
1,Lay lay lay laaaaaaaaaaayyyyyyyy Ooooooooooooooooooo BeÅŸiktaaaaaaaaaaaaaaaaaÅŸ @Besiktas  RÄ±dvan burayaaaaa RÄ±dvaan burayaaa Åiiiiiiiiii 1-2-3 BeÅŸiktaaaaaaaÅŸ  https://t.co/CtFsxndGaE
-1,"TaraftarÄ± bu kafaya soktunuz- @Besiktas  ArtÄ±k ne desek boÅŸ, ÅŸimdi gidip kibar kibar kendinizi eÄŸlendirin-HAYAL KIRIKLIÄISINIZ-HEPÄ°NÄ°Z...YAZIKLAR OLSUNğŸ‘ @kocadagemre @adnandalgakiran @MesutURGANCILAR Kendi muhabirlerinize kendinizi Ã¶vdÃ¼rÃ¼n ama HAKKIMIZ HELAL DEÄÄ°L @KaynarErol"
-1,@tgrthabertv @tgrthaberspor @bulentuslu1903 @sabriugan @cemkucuk55 @ofunal @Oguz_Altay @ahmetercanIar @kereminan__ @PezekOzan @mtahirkum Ne ezdiler BeÅŸiktaÅŸâ€™Ä± helÃ¢l olsun.Sen hakemler sayesinde tutun sonra hafif tÃ¶kezle ay uy yok Ã¶yle.Adamlar Ã§atÄ±r Ã§atÄ±r oynadÄ±
-1,@tgrthabertv @tgrthaberspor @Oguz_Altay Ne ezdiler BeÅŸiktaÅŸâ€™Ä± helÃ¢l olsun PaÅŸalÄ±lara
-1,@demarkesports BeÅŸiktaÅŸâ€™Ä± ezdi ezdi.HelÃ¢l olsun PaÅŸalÄ±lara.
-1,@futbolarena Ne yaptÄ±nÄ±z ki bir takÄ±m koskoca bir beÅŸiktaÅŸ anca bu kadar dirayetsiz olur helal olsun size ÅŸampiyonluÄŸa giden yolda hakem kurulunun aÄŸzÄ±na sicamiyorsan sen 3 bÃ¼yÃ¼kten birisi deÄŸilsin...
-1,@ahmetaliayaydin BeÅŸiktaÅŸ diÄŸer iki ortaÄŸÄ± gibi ÅŸikeci ve hÄ±rsÄ±zdÄ±r
-1,@Muhamme43404487 @seytanicee @1905GsFc @Besiktas Ne yapayÄ±m 4 bÃ¼yÃ¼klerin hepsi ÅŸikeci yalanmÄ± sÃ¶yliyim
-1,SÄ±rf BeÅŸiktaÅŸ'a maÃ§ satmadÄ± diye KasÄ±mpaÅŸa'yÄ± satÄ±n alan Åikeci 8Tas lobisi amigolarÄ± tarafÄ±ndan Kadro dÄ±ÅŸÄ± bÄ±rakÄ±ldÄ±.PlanlarÄ±nÄ± bozdu AytaÃ§ Kara TÃœRK FUTBOLU KAPKARA @RTErdogan @kasapoglu @TFF_Org  SAVCILAR GÃ–REVE ALENEN SÄ°KE YAPIYORLAR HER MAC HAKEM ALGÄ°SÄ° VE KÄ°RLÄ° LOBÄ°LERÄ°
-1,"KasÄ±mpaÅŸa'nÄ±n BeÅŸiktaÅŸlÄ± sahibi Turgay Ciner, KasÄ±mpaÅŸa-BeÅŸiktaÅŸ maÃ§Ä±nda gol atan AytaÃ§ Kara'nÄ±n kadro dÄ±ÅŸÄ± bÄ±rakÄ±lmasÄ± talimatÄ± vermiÅŸ, SorarsanÄ±z ÅŸikeci takÄ±m FenerbahÃ§e, al birini vur Ã¶tekine..."
-1,"@Edgar_Davidss @ovuncozdem bu kafayÄ± heryerde tanÄ±rÄ±m sen tescilli ÅŸikeci beÅŸiktaÅŸ taraftarÄ±sÄ±n, sizede bedavaya reklam yaptÄ±k dedi adam, daha ne yapsÄ±n? thiamÄ± fb peÅŸkeÅŸ geÃ§erken Ã§ocuk kandÄ±rÄ±r gibi alacaklarÄ±ndan feragat ederek bonservisini eline alan yedek kaleciyi bedava vermiÅŸ gibi algÄ± yaptÄ±lar."
-1,@charlespenx @emirhankuc @siyahcoraplilar BeÅŸiktaÅŸ taraftarÄ± iÅŸine gelmedi mi Ã¶yle bir saftirik olur ki.. Af edersiniz Parmak atarsÄ±n ses Ã§Ä±karmazlar.. Kendi baÅŸkanlarÄ±nÄ±n kinayeyle karÄ±ÅŸÄ±k galatasaraya ÅŸikeci gÃ¼zellemesini anlamayacak kadar saf ve temiz yÃ¼reklidir beÅŸiktaÅŸ taraftarlarÄ± 'iÅŸine gelmeyince'
-1,@Birgl19031 @tgrthabertv @Oguz_Altay @sabriugan @bulentuslu1903 @cemkucuk55 @ofunal @ahmetercanIar @PezekOzan @mtahirkum @kereminan__ besiktas sikeci degil TESCILLI SIKECI UNUTMA  BJK NIN YAPTIGI SIKELERI TESVIKLERI ARABALARI GS RAKIPLERINE VERDIGI TESVIKLERI HERKES BILIYOR AMA SUC DEGILMIS
-1,@Sinan_B_ @alpaywashere @Besiktas yaw siktir git fenerbahÃ§e ÅŸikeci deÄŸildir galatasarayda fetocu deildir kardeÅŸim amk mallarÄ± yenilince kuduruduunuz
-1,@NusretYAVUZKAP2 @Besiktas Abi belliydi turkiyenin en bÃ¼yÃ¼k sikeci takimi besiktastir
-1,"Tecilli ÅŸikeci EskiÅŸehirspor kÃ¼me dÃ¼ÅŸmÃ¼ÅŸ darÄ±sÄ± diÄŸer ÅŸikecilerin baÅŸÄ±na.(FenerbahÃ§e, beÅŸiktaÅŸ, Sivas)  https://t.co/ftI8zwBdzE"
-1,Åikeci beÅŸiktaÅŸ
-1,"Ã–mer ErdoÄŸan Boupenza iÃ§in testten sonra 10.gÃ¼n yarÄ±n dolduÄŸundan dolayÄ± kadroya alamadÄ±ÄŸÄ±nÄ±, uzun yolculuÄŸa raÄŸmen aslÄ±nda oynatmak istediÄŸini, TALÄ°MATLARDAN DOLAYI oynatamadÄ±ÄŸÄ±nÄ± sÃ¶yledi. Åikeci FenerbahÃ§e ve BeÅŸiktaÅŸ taraftarÄ± susabilir mi artÄ±k..?"
-1,"@Besiktas sen bekle ÅŸikeci dediler korkudan kupanizi verdiniz FenerbahÃ§e sizin iÃ§in de savaÅŸti ,ÅŸampiyonluklarinizi da FenerbahÃ§e savunsun . Laf ebeliÄŸine gelince en bÃ¼yÃ¼k,duruÅŸ,efendilik, biz SÃ¼leyman Sebayiz falan diye saÃ§malayin sadece"
-1,"Galatasaray yÃ¶netimi dÃ¼zenli bir ÅŸekilde Vasat yalÄ± Ã§ocuÄŸunun, karÄ±lÄ±ÄŸÄ±nÄ± yapan Anadolu kÃ¼lÃ¼plerine ve kÃ¼Ã§Ã¼k ÅŸikeci beÅŸiktaÅŸ'a karÅŸÄ± tavrÄ±nÄ± net gÃ¶stermelidir. Bu karÄ±lara iÃ§ saha maÃ§larÄ±nda Ã§ay, Ã§orba ikram edip iyi davranmak olmaz. Hak ettikleri muameleyi gÃ¶rmeliler."
-1,@bulentuslu1903 Ã–mer ErdoÄŸan deÄŸilde Hatay- 8taÅŸ maÃ§Ä±nÄ±n son dakikasÄ±nda Hatay tarafÄ±na verilmeyen penaltÄ±. AraÅŸtÄ±rÄ±lsÄ±n. Neden verilmedi neden var uyarmadÄ±? Siz en gÃ¼zel cevabÄ± devre arasÄ± hakemleri baskÄ± altÄ±na alarak veriyorsunuz.  #algÄ±cÄ±beÅŸiktaÅŸ #ÅŸikecibeÅŸiktaÅŸ
-1,@mahmutbeey BeÅŸiktaÅŸ ve FenErbahÃ§e tescilli ÅŸikeci ama Galatasaray tescillenemeyen ÅŸikeci. Bir taraf amatÃ¶r bir taraf profesyonel Ã¶rneÄŸi. Karda yÃ¼rÃ¼ izini belli etme demiÅŸler..
-1,BunlarÄ± neden konuÅŸmuyonuz bÃ¼yÃ¼k ÅŸikeci @Fenerbahce ve suÃ§ ortaÄŸÄ± kÃ¼Ã§Ã¼k ÅŸikeci @Besiktas insanda biraz utanma olur ama nerde sizde o insanlÄ±k
-1,@siyahbeyazarsiv Ama BeÅŸiktaÅŸ ÅŸike yaptÄ± ve Avrupa kupalarÄ±ndan men edildi yani Avrupa da sizin tescilli ÅŸikeci olduÄŸunuzu biliyor
-1,@bulentuslu1903 Uefa'ya ÅŸikeci beÅŸiktaÅŸ yazdÄ±rdÄ±nÄ±z utanmaz reziller siziğŸ¦
-1,"Tescilli sikeci, Fenerbahce nin karisi ve taseronu Besiktas- Fenerbahce iliskisi uzerine -yaptiklari sikeler uzerine gidilmeli"
-1,Åikeci fenerbahÃ§e ve karÄ±sÄ± beÅŸiktaÅŸ istediÄŸi kadar biz ÅŸike yapmadÄ±k desinler. GerÃ§eÄŸin ne olduÄŸunu UEFA'nÄ±n Ã§aycÄ±sÄ± bile biliyor.
-1,Burada bile hile hurda . Åikeci beÅŸiktaÅŸ ğŸ˜¡ğŸ˜¡ğŸ˜¡
-1,"AnlamadÄ±ÄŸÄ±m bir konu var bu kÃ¼Ã§Ã¼k ÅŸikeci BeÅŸiktaÅŸ kendine bÃ¼yÃ¼k takÄ±m diyor ama, neden sÃ¼rekli vasat Ali'nin karÄ±lÄ±ÄŸÄ±nÄ± yapÄ±yorlar. Bu nasÄ±l bÃ¼yÃ¼klÃ¼k amk. YalÄ± Ã§ocuÄŸu komidinin Ã¼zerine para bÄ±rakmasa aÃ§lÄ±ktan Ã¶lecekler."
-1,BeÅŸiktaÅŸ tamam da bu gs nasÄ±l kaybedecek aq :(
-1,Yok beÅŸiktaÅŸ mÄ±ÅŸ galatasaray mÄ±ÅŸ.. ArmalarÄ±na tÃ¼kÃ¼rdÃ¼klerim kulÃ¼p mÃ¼sÃ¼nÃ¼z lan siz
-1,besiktas bÃ¼yÃ¼k takim falan degil aga besiktas bÃ¼yÃ¼k takim olsaydi simdiye 20 kez sampiyonlugunu ilan etmisti yarram besiktasdan daha bÃ¼yÃ¼k maalesef
-1,@KadirKs21754231 @Muhamme43404487 @1905GsFc @Besiktas ÅŸikeci olduÄŸunu kendi aÄŸzÄ±yla itiraf eden bir taraftar
-1,Biyerlerde birilerine ÅŸampiyon luk birilerine ÅŸikeci lafÄ± edilmicek mi denildi neden fb gs lobisine yeniliyok Ã§Ä±kÄ±n konuÅŸun @KaynarErol @erginaslan @ekremalpay8 @bulentuslu1903 @Besiktas @tekinoktay @alifuatduatepe @aliececom @atakankurt2 @Ankaraliatiba @kartalanalizcom
-1,Gs ve fb atÄ±ÅŸmasÄ± var idi ortada 59Ã¶ncesi ÅŸampiyonluk sayÄ±lÄ±r sayÄ±lmaz derken aziz baÅŸkan Ã§Ä±ktÄ± @aspor da gs ÅŸikeci dedi alenen gs suspus oldu ses cvb gelmedi @Besiktas @KaynarErol @AhmetNCebi masada kime neyi vaad ettiler konuÅŸun arkadaÅŸ neden susuyonuz neyden korkuyonuz...
-1,@Besiktas Åikeci olarak hatÄ±rlancaksÄ±n baÅŸkan...
-1,"SÃ¼tÃ¼nÃ¼zÃ¼ sileyim BeÅŸiktaÅŸ dÃ¼ÅŸmanlarÄ±, alayÄ±nÄ±z oÃ§ sunuz inadÄ±nÄ±za BeÅŸiktaÅŸ, #halilumutmeler#mhk senin ananÄ± avradÄ±nÄ± sileyim ÅŸikeci kÃ¶pek"
-1,@Birolzt63705749 @CenkTatar @bulentuslu1903 Allah halla TÃ¼rk Yargisi ne ara Besiktas yargisi oldu? Asil bu dÃ¼zmece davanin detaylarindan bir haber Cas ve Uefa bizim Ã¼lkemizin yargisindan daha iyi nasil bilsin? Bos adam gÃ¶rmek istiyorsan aynaya bak...Tescili sikeci sizsiniz. Itiraf var. Doping yapan Mesut Bakal gibi
-1,@1Paranoyag @forzabesiktas @Besiktas Åikeci Ã‡omar bak bu da en Ã§ok kupa kazanan takÄ±mlar bil bakalÄ±m sizden kaÃ§ kupa fazlayÄ±z dur sen yapamazsÄ±n hesabÄ± 25 kupa yani bi 118 yÄ±l daha biz Ã§ekilelim siz devam anca yakalarsÄ±nÄ±z ğŸ¤ªğŸ¤ªğŸ¤ªğŸ¤ªğŸ¤“  https://t.co/MJD1aKar4K
-1,@Birgl19031 @tgrthabertv @Oguz_Altay @sabriugan @bulentuslu1903 @cemkucuk55 @ofunal @ahmetercanIar @PezekOzan @mtahirkum @kereminan__ besiktas sikeci degil TESCILLI SIKECI UNUTMA  BJK NIN YAPTIGI SIKELERI TESVIKLERI ARABALARI GS RAKIPLERINE VERDIGI TESVIKLERI HERKES BILIYOR AMA SUC DEGILMIS
-1,@Sinan_B_ @alpaywashere @Besiktas yaw siktir git fenerbahÃ§e ÅŸikeci deÄŸildir galatasarayda fetocu deildir kardeÅŸim amk mallarÄ± yenilince kuduruduunuz
-1,@SafakSina1903 ğŸ˜‚ğŸ˜‚ah be canÄ±m. dÃ¼n dedik.. sizi de Ã¶pecekler....futbol katili ÅŸikeci feneri ite kaka zorla ilk ikiye sokmaya Ã§alÄ±ÅŸÄ±yorlar.. dÃ¼n keh keh gÃ¼leceÄŸine biraz kafanÄ± kullan. bunlarÄ±n hepsi bilinÃ§li. yoksa BeÅŸiktaÅŸ birinci g. saray ikinci bitmiÅŸti lig.
-1,Åikeci beÅŸiktaÅŸ
1,@Trabzonspor Her ne kadar kumpas davasÄ±nda beyniniz yÄ±kanmÄ±ÅŸ olsa ve Ã§ocuÄŸunuz hala kendinize gelmemiÅŸte olsanÄ±z helal olsun sana baÅŸkan bÃ¼yÃ¼k kulÃ¼bÃ¼m diyorsan bÃ¶yle davranÄ±rsÄ±n
1,@sporx Trabzonspor futbolcu fabrikasÄ± halini aldÄ±. Ãœretip satÄ±yorlar. Helal olsun. ğŸ‘
1,Helal olsun cidden kutlarÄ±m. Bu iÅŸ iyice Ã§ocuk oyuncaÄŸÄ± oldu. YapamÄ±yorsanÄ±z bÄ±rakÄ±n kardeÅŸim. 2010-11 ÅŸampiyonu Trabzonspor'dur. Zorunuza gitsede bu bÃ¶yledir. 1959 Ã¶ncesi ne olduÄŸu belli olmayan kupalarÄ± istersen sÄ±kÄ±ntÄ± yok ama TS hakkÄ±nÄ± ararken sÄ±kÄ±ntÄ± var. Hadi oradan TFF...
1,Lan fÃ¼ze gÃ¶nderdi helal olsun.. Ä°STE ARKADAÅLAR TRABZONLU TRABZONSPOR'LUYUM DÄ°YE GEÃ‡Ä°NENLERE Ä°ZLETÄ°N!  ADAM BÄ°ZÄ°M TAKIMI SAVUNUYOR AQ  BÄ°Z Ä°ZLÄ°YORUZ AGLÄ°YACAM..
1,"Olum Ozan Tufan gol attÄ± en iÃ§ten sevindik gole hatta Ã§oÄŸu Trabzonspor sayfasÄ± ""helal olsun yiÄŸidime"" diye paylaÅŸtÄ±, siz ise her UÄŸurcanÄ± yada Yusufu kadroda gÃ¶rdÃ¼ÄŸÃ¼nÃ¼z zaman deliriyosunuz . Lan olum artÄ±k Ã§irkeflik yapmayÄ±n bee, destek olun kÃ¶stek olmayÄ±n. #SenolGunes"
1,@Trabzonspor Helal olsun bizim uÅŸaklar
1,@Trabzonspor atan da sÄ±zden tutan da sÄ±zden elÄ±nÄ±zÄ±n degdÄ±gÄ± degerlenÄ±yo  helal olsun
1,@gizemli_q246 @kubrayImz1 @Trabzonsporum @Trabzonspor Hamsi diyenin eline verdik palamutlarÄ± ! DeÄŸil 36 sene 100 yÄ±l ÅŸampiyon olmayalÄ±m ! Yeter ki sizin gibi ÅŸikeci ahlaksÄ±z rezil olmayalÄ±m !
1,"@Bay_hamsi @infantino ÅŸikeci fenerbahÃ§e'den RÃœÅVET alÄ±p, Trabzonspor'un alÄ±n terini Ã§aldÄ±.."
1,ÅikecileriDize KupayÄ±BizeGetir TRABZONSPOR Hamsi Siksin Sizi Åikeci ibneler. Eze Eze Kupa Karadenize
1,"@Cml_VtnSvr @Duruinci1967 @Trabzonspor serefsiz tescilli sikeci. hamsi kalmadi, gel sana bi kalkan balu vereyim. azizin oglani!!!"
1,"@Bulent__Kocak @TR4BZ0NSP0R hamsi kalmadi, kalkan yermisin!? tescilli sikeci. SAMPIYON TRABZONSPOR 2011"
-1,BÄ°R HATAY SPOR LU FUTBOLCULARIN MÃœCADELESÄ°NE BAKIYORUM. BÄ°RDE TRABZONSPOR LU FUTBOLCULARIN MÃœCADELESÄ°NE. HELAL OLSUN HATAY SPOR.
-1,Trabzonspor sÄ±radan bile olmayan bir takÄ±mÄ±n kimliÄŸine bÃ¼rÃ¼nmÃ¼ÅŸÃ§esine oynadÄ±ÄŸÄ± oyunla 1 puanÄ± da hak etmedi ancak Sivasspor becerikli olsa atardÄ±. Åu futbolu iÃ§ine sindirebilen varsa helal olsun.
-1,2010-2011 de her Ã§Ä±ktÄ±ÄŸÄ±mÄ±z maÃ§Ä± kesin kazanÄ±caz hissi vardÄ± o his o seneden sonra bir daha hiÃ§ geri gelmedi. Hele ki bu sene oynadÄ±ÄŸÄ±mÄ±z futboldan utanÄ±yorum bir tane pozisyona giremeyen bir Trabzonspor yarattÄ±lar helal olsun
-1,@Trabzonspor Afferin size helal olsun Ã§ok iyi oynadÄ±nÄ±z baÅŸkan ne zaman Tv Ã§Ä±ksa konuÅŸmaya baÅŸlasa takÄ±m oynamÄ±yor akÅŸam iÃ§in izin 10 maÃ§ var ne dÃ¼ÅŸÃ¼nÃ¼yorsunuz diye soran GÃ¼ltekin e hiÃ§ biÅŸey diyemiyorum diyor bu nasÄ±l baÅŸkan
-1,@Trabzonspor Åu takÄ±mÄ± bize izlettiriyorsunuz ya size helal olsun. Trabzonspora bak Sivas kimdir lan 1 puan almak iÃ§in yatÄ±yorsunuz bu nasÄ±l futbol. NaptÄ± lan bu futbolcular yatakta kaldÄ±rÄ±p idman yaptÄ±ramadÄ±nÄ±z mÄ±??
-1,@colakkeenes @SezginALTUNTAS @Trabzonspor Sikeci hamsi. ğŸ‘‹
-1,@avciferguson @GalatasaraySK Sg lan asÄ±l ÅŸikeci fetÃ¶cÃ¼ Trabzonspor dur Galatasaray dÄ±r FenerbahÃ§e nÄ±n haklÄ± olduÄŸu her yerde kanÄ±tlandÄ± yersen hadi yÃ¼rÃ¼ pis hamsi
-1,"@kakaleyte61 Åikeci trabzonspor eski baÅŸkanÄ± Sadri Åener nerede, trabzonspor un kayÄ±tlarÄ± neden sÃ¼men altÄ± edildi. ÅÄ°KE yi alenen yapan trabzonspor kulubu Sadri Åener fÃ¶te avukatlarÄ± niye korudu, 10 milyon euro fetÃ¶ ye niye verildi, hamsi beyinliler,"
-1,"@Stinson1907 @Trabzonspor hem fetÃ¶cÃ¼ler hem orospuÃ§ocuklarÄ±... ilkokul Ã§ocouguna anlatsan anlar, bunlarda hamsi kadar beyin olmadÄ±ÄŸÄ± ve ahlaksÄ±z ÅŸerefsiz ÅŸikeci olduklarÄ± iÃ§in ev sahibini bastÄ±rmaya Ã§alÄ±ÅŸÄ±yorlar hala. ÅŸike yaparak ÅŸampiyon olamamÄ±ÅŸ tek takÄ±mdÄ±r dÃ¼nyada damatspor..."
-1,BazÄ± beynim yok tweetleri:  Ã‡upamizu verun da UÄ°YY hamsi Devlet Trabzonspor'u kolluyor Åikeci Trabzon Sosa'mizu verun da Biz Cimbom'u 6-0 yendik
-1,@Trabzonspor Bos yapma paramÄ±zÄ± var ÅŸikeci hamsi anca kendi hamsi kafalÄ± taraftarÄ±nÄ± kandÄ±rirsÄ±n
-1,@Trabzonspor Sikeci damatspor aciklama yapiyor lan kosun.  Amk un hamsi beyinlileri...
-1,@lilhamsi61 Neden Fenerbahce ÅŸikeci olsunki 2010 2011 sezonunda Fenerbahce Trabzonspor u Galatasaray Ä± BeÅŸiktaÅŸ Ä± para veripmi domalttÄ± paramÄ± aldÄ±nÄ±z bak bu yere atan kendini oyuncu kamil sizde neden ÅŸike yaptÄ±ÄŸÄ± iÃ§in gol yemek iÃ§in hamsi gibi attÄ± yere kendini  https://t.co/EzEAQ1F3Vo
-1,"@KARTALSPOR13 @12numaraorg @Trabzonspor sike yapan sizsiniz, men yiyen sizsiniz, Fenerbahce yerine haksiz yere champlig katildiniz, bide utanmadan bize ÅŸikeci diyorsun..hamsi beyinli"
-1,Ne oldu hamsi sezonu bitti oraya bura hamzi gÃ¶nderemeyince bÃ¶yle kalÄ±rsÄ±n ÅŸikeci Trabzon #Trabzonspor #LCWaikikiDestek #AyasofyaCamii #
-1,@elbrus1763_1864 Ula ÅŸikeci hamsi bak ÅŸike bÃ¶yle yapÄ±lÄ±r umut kalye giderken Kamil Ahmet Ã‡Ã¶rekÃ§i. kendini yere hamsi gibi atÄ±yor ÅŸuan Trabzonspor da Futbol oynuyor ÅŸikeci hamsiler sizi  https://t.co/EzEAQ1F3Vo
-1,"@Trabzonspor Cidden hamsi  https://t.co/GIGyHKFKK7 sizi Galatasaray'Ä± BeÅŸiktaÅŸ'Ä± eze eze yendiÄŸimiz,bizi ÅŸampiyonlar ligine gÃ¶ndermedikleri sezondan bir sezon sonra Avrupa Ligi'nde yarÄ± final oynadÄ±k.Ya siz sizde anca bizi yensin diye Anadolu kulÃ¼plerine prim verin.Siz ÅŸikeci birer hainsiniz."
-1,@mustafaETS @Trabzonspor @EmniyetGM O maÃ§ yaÄŸmurluydu gayet normal sen ÅŸuna bak ÅŸikeci hamsi  https://t.co/8wKfUssnAu
-1,@SeneHep_2011 @ibrahimertuerk Lan yarÄ±m beyinli ÅŸikeci hamsi bundan bÃ¼yÃ¼k belgemi var bu yere atlayan oyuncu ÅŸuan trabzonspor da tesadÃ¼fmÃ¼ Rizespor uda ligden dÃ¼ÅŸÃ¼rdÃ¼nÃ¼z ÅŸikeyle bursaspore dÃ¶melip neyin hikayesini yapÄ±yon amk
-1,"Trabzonspor un men ediliÅŸini dilime doladÄ±ÄŸÄ±m iÃ§in, bir hamsi bana diyor ki; ""CAS dan donerse ne diyeceksiniz?""  FetÃ¶ kumpasÄ± mahkemelerce onanmis kulÃ¼be 9 yÄ±ldÄ±r ÅŸikeci diyen kafa soruyor bu soruyu..."
-1,@bbosports @Trabzonspor Adamlar tescilli ÅŸikeci kaale almaya gerek yok ...bunlar deÄŸilmi polis arabalarÄ±nÄ± ters Ã§evirip yakan la sizde hamsi kadar beyin yok mallar topluluÄŸu
-1,"@orhanctlbas52 Bunu, Bursasporun altÄ±na yatÄ±p, Rizeyi kÃ¼me dÃ¼ÅŸÃ¼ren ÅŸikeci Trabzonspor takiminin hamsi beyinli taraftarÄ±nÄ±n sÃ¶ylemeside komik olmuÅŸ. ğŸ˜‚ğŸ˜‚ğŸ˜‚"
-1,@GokhanSaralTS @ErolBilecik @Trabzonspor Daha TÃ¼rkÃ§eyi  bilmiyor bu hamsi beyinli sikeci senin babandÄ±r
-1,@mehmeta96763654 @adancenk61 @TFFSuperLig @Trabzonspor Bak hamsi beyinli ÅŸimdi sana ahlak fukarasÄ± kim ÅŸikeci kim fetÃ¶cÃ¼ kim gÃ¶stereyim bizde verilmeyecek hesapta cevapta olmaz neymiÅŸ Bekir FENERBAHÃ‡Ede oynamÄ±ÅŸ futbolcu Ã¼zerinden fetÃ¶cÃ¼ aramaya kalkarsan salak durumuna dÃ¼ÅŸersin. BunlarÄ± iyi oku belgeli ÅŸikeci ve fetÃ¶cÃ¼ kimmiÅŸ gÃ¶r  https://t.co/8bYyK4Vm6a
-1,@ceyhan_mustafa @KanalRizespor @Trabzonspor Hamsi kadar beynin yok laf mu soktun Ã§eeenn  Son hafta Rizeye bekliyoruz seni ÅŸikeci cocuk adam
-1,@eneserata @Trabzonspor Ahahahahahahahha. Ulan hala ÅŸike diyorsunuz cidden sike sÃ¼rÃ¼lecek beyniniz yok. ğŸ˜‚ğŸ˜‚ğŸ˜‚ğŸ˜‚ğŸ˜‚ğŸ˜‚ Olum bu Ã¼lke sizden bÃ¼yÃ¼k ÅŸikeci mi gÃ¶rdÃ¼. Sizin 2. olmanÄ±z ÅŸikenin en bÃ¼yÃ¼k Ã¶rneÄŸi zaten. Bu iÅŸleri bÄ±rakÄ±n gidip hamsi falan tutun sizi bu konular aÅŸar.
-1,"@Trabzonspor 2010-2011 ÅŸampiyonu FENERBAHÃ‡EDÄ°R. ÅŸikeci hamsi kafalÄ±lar, tek misyonunuz bu dimi, fener maÃ§larÄ±nda iÃ§inizden geÃ§iyor evinizde adiler."
-1,"@yavrumzeki @konyaspor @Trabzonspor Åikeci derkeeen?? Ay gÃ¼lÃ¼m benim.Zaten BursanÄ±n altÄ±na yatan, emek hÄ±rsÄ±zlÄ±ÄŸÄ± yapan da benim demi.Hadi hamsi ye de beynin geliÅŸsin. ğŸ˜‚ğŸ˜‚"
-1,"@KASRANOGLU_ @atgresmi GÃ¶tÃ¼ sikilmiÅŸ hamsi beyinli cahil seni, ÅŸikeci trabzonspor daha dÃ¼n Kayseri ve Bursaâ€™ya maÃ§ sattÄ±nÄ±z gÃ¶t herifler"
-1,@AbdullahTRZ61 @atavratcorap @furkan_ts_77 @kuzeyin_Kralii @bahcekapilii61 @Trabzonspor Åikeyle 2. Olan sensin. Åikeci hamsi
-1,"@Trabzonspor__FC Amk hamsi beyinlileri, yÄ±kÄ±lasÄ± kahpe dediÄŸiniz dÃ¼zeni yaratan sizlersiniz ! Bursaya maÃ§Ä± satarken neredeydi bu duruÅŸunuz ? Bursaâ€™dan gol yerken â€œoleyâ€ diye baÄŸÄ±rarak mÄ± kÃ¶tÃ¼ dÃ¼zeni yÄ±kacaktÄ±nÄ±z lan !? Åikeci ÅŸerefsizler, TÃ¼rk futbolunun yÃ¼z karasÄ±sÄ±nÄ±z !!"
-1,@Furinaxx @nesrinerdogan61 @BeyHelios @edanurterzi61TS @Trabzonspor @COSTIEZMANN7 Kupa mÃ¼zemizde asdasd Hamsi beyinliler asdasd Trabdonspor asdasd Åikeci trabzon asdasd  KaldÄ± mÄ± baÅŸka neyi kanÄ±tlama Ã§abasÄ± bu
-1,@nesrinerdogan61 @BeyHelios @edanurterzi61TS @erdemckr34 @Trabzonspor @COSTIEZMANN7 Åikeci diyene bak geÃ§en sene bursaya maÃ§ verdiler amk hamsi beyinlisi ğŸ˜‚ğŸ˜‚
-1,@DrstAdam7 @Trabzonspor Åikeci hamsi aÄŸlama
-1,"@Trabzonspor Haddini bil hamsi! Galatasaray kim sen kim? Sen kendi hakkÄ±nÄ± savunmayÄ±p ÅŸikeci olduÄŸunu kabul ediyosun. Biz gerÃ§ekleri sÃ¶yleyip, haklÄ± Ã¶vÃ¼nÃ§ tablomuzu gÃ¶sterince mi zorunuza gitti? HakkÄ±nÄ± savunmak sana kalmÄ±ÅŸ ama haddini bil Trabzonspor"
-1,@ofluKENANN @Trabzonspor Kes ÅŸikeci hamsi
-1,@Kosifoglu61 @Trabzonspor Ne diyin sen ÅŸikeci hamsi  https://t.co/wybRy6rOcX
-1,@Yasin80323142 @alexdesouzaaa74 @tfln61 @brkyomur @kucoyeoni @sessiz_muhalif @Trabzonspor AnanÄ± 25 milyon fenerli siksin ÅŸikeci hamsi
-1,@Kbly3460 @Trabzonspor Åikeci hamsi kÃ¶yÃ¼ne dÃ¶n  https://t.co/1w9Q50bCye
-1,@deepimpect34 @agag_hag @Trabzonspor TÃ¼rk bayraÄŸÄ± koymuÅŸ bide ÅŸikeci hamsi
-1,@Trabzon_Spor61_ @Trabzonspor sizden ala ÅŸikeci mi var lan hamsi beyinli
-1,@Trabzonspor Amq sikeci hamsi beyinlileri ğŸ˜‚
-1,@ugurmarsel @CemKiran_61 @ogzhnci @VirAfra61 @alemdarerkam @Trabzonspor Amk ğŸ˜‚ğŸ˜‚ğŸ˜‚ğŸ˜‚ siz kuduruyorsunuz kupa sahibinde ben sizle taÅŸsak geciyom 2 hamsi beyinli bize ÅŸikeci dese ne olur martÃ­ bokuyla deniz kirlenmez
-1,@CemKiran_61 @SamilEtoo11 @VirAfra61 @alemdarerkam @Trabzonspor O sezondan sonra tek ÅŸampiyonluÄŸumuz ersun yanal dÃ¶nemi o zaman hocanÄ±z da ÅŸikeci ğŸ˜… Az beynini kullan hamsi ye ye ye nereye kadar
-1,@ykotrabzon61 @EsmaEyuboglu burasÄ± leÅŸ gibi hamsi kokuyor buras...... Oooo oley oley ÅŸikeci ÅŸikeci trabzonspor kufurleri aynen iade ediyorum
-1,@k_a_c92 Åikeci trabzonspor ve hamsi beyinli aptallara gitmen itici olmuÅŸ ne kadar trabzonsporlu varsa hepsini ....... mal gibi ÅŸehir mal gibi takÄ±m
-1,"@sivasspor @Trabzonspor Lan Trabz10'lu Ne Kadar Ã‡ok YavÅŸak Burdaymis Ne BÃ¼yÃ¼ksÃ¼n Ve Sivas'im Hamsi PiÃ§lerinin ÅŸikeciligi Ortaya Ã‡Ä±ktÄ±!, Åikeci Trabz10! gayseriBursa"
-1,Trabzon kendine yakÄ±ÅŸanÄ± yaptÄ± bizleri ÅŸaÅŸÄ±rtmadÄ±n ÅŸikeci hamsi spor @Trabzonspor
-1,@Trabzonspor KaÃ§a sattÄ±nÄ±z maÃ§Ä±?  AsÄ±l ÅŸikeci sizsiniz hamsi kafalÄ±lar
-1,YÄ±llardÄ±r ÅŸikeci dediÄŸiniz FB.den ne farkÄ±nÄ±z kaldÄ± hamsi beyinliler ? @Trabzonspor
-1,bursaya yatarak fenerbahÃ§eye ÅŸikeci demeye hakkÄ±nÄ±z kalmamÄ±ÅŸtÄ±r ÅŸikeci hamsi @Trabzonspor
-1,"Mk hamsi kafalÄ±larÄ±, fenere ÅŸikeci diye senelerdir sÃ¶yleniyonuz yok kupamÄ±z yok bilmem ne. Sizin bu yaptÄ±ÄŸÄ±nÄ±z ne?  @Trabzonspor"
-1,"Sivas'a mayÄ±s'da hamsi gÃ¶nderen, Buca maÃ§Ä±nda ayaÄŸÄ± kayan futbolcuyu transfer eden baÅŸ ÅŸikeci sizsiniz. Bari bir kez dik durun @Trabzonspor"
-1,ÅŸikeci orospu cocu trabzonspor amÄ±na kodumun hamsÄ± kafalÄ±larÄ± kg var oynadÄ±k 1 gol atmadÄ±nÄ±z biler ananÄ±zÄ± sÄ±kÄ±yÄ±m
-1,FenerbahÃ§eye kÃ¼fÃ¼r edersiniz elin oÄŸlu Ä±ÅŸte bÃ¶yle koyar susarsiniz beter olun baÅŸ ÅŸikeci adi @Trabzonspor un ÅŸerefsiz hamsi beyinli tarftarÄ±
-1,Mesut Ã–zili Transfer Ederek DÃ¼nya BasÄ±nÄ±na Konu Olan FENERBAHÃ‡EğŸ’›ğŸ’™ğŸ˜ - MuÄŸdat Ã‡elik'in YaptÄ±ÄŸÄ± Åike Ä°le DÃ¼nya BaÄ±nÄ±na Konu Olan galatasarayğŸ‘ğŸ‘¶ ARAMIZDA Ã‡OOOOOK FARK VAR Ã‡OOOOOK!
-1,@AslanStatistic gÃ¼Ã§lÃ¼ degilsen is bitiremiyeceksen galatasaray a baÅŸkan olmuycan dursun bey
-1,@ChampionCimbom gerekenler yapÄ±lmadÄ±ÄŸÄ±na gÃ¶re ne olacak istifa OlmasÄ±n mÄ± yine de?
-1,@Cimbom10linee BU MALLAR O DÃ–NEMDE BAÅKAN OLSALARDI Ã–LE DERLERDÄ° KEÄ°SN
-1,"@Cimbom10linee gs li olarak bilinen muhabir, yazar kim varsa surekli konusuyor sureklide karavana atiyor."
-1,@Cimbom10linee ozamanlarda bile bÃ¶le mal bi yÃ¶netim yoktur eminim
-1,@CimbomGSaray_ ÅŸu adamÄ±n resmini ne koyup duryorsunz bÃ¼tÃ¼n moralmi alt Ã¼st ediyor vizyonsuz baÅŸkan bile dmeye dilim vermiyor @GalatasaraySK
-1,@GalatasaraySK @dursunozbek2015 Arap sen transfer yapma bokunu Ã§Ä±karÄ±yosun.
-1,@GalatasaraySK 4 yÄ±ldÄ±zlÄ± Galatasaray Ä±n sadece adÄ± kalmÄ±ÅŸ yazÄ±k ğŸ‘ğŸ‘ğŸ‘
-1,@GalatasaraySK allah sizin gibi yÃ¶netimin bin tÃ¼rlÃ¼ belasÄ±nÄ± versin Ã§apsÄ±zlar telles i sattÄ±nÄ±z sÄ±rada snÄ±jder var sanÄ±rÄ±m onuda satÄ±n
-1,@GalatasaraySK DURSUN Ã–ZBEÄÄ°N EN BÃœYÃœK BAÅARISI R.MADRÄ°D BAÅKANIYLA AYNI KAREDE OLMAK.
-1,@GalatasaraySK nin mutfaginda komi bile olamayacak adami baskan yaptiniz @GalatasaraySK nin altina dinamit koymak ile mesgul!
-1,@GalatasaraySK ÅŸu koca kulÃ¼bÃ¼ sÄ±radan yaptÄ±nÄ±z ya artÄ±k sizlere sÃ¶leyecek laf kalmadÄ± artÄ±k sÃ¶zÃ¼n bittiÄŸi yerde bu taraftar bilesiniz
-1,@GalatasaraySK transfer yapin arkadas bu ne beceriksizlik takimin durumu ortada 3tane iyi futbolcu lazim yoksa nanay gulum busene.!!!
-1,"@gokhanemre1905 @GalatasaraySK yazÄ±klar olsun size ... Bu taraftar kombine alÄ±r , forma alÄ±r ve Sabri 'yi saÄŸ bekte izler"
-1,@Haluk_Yurekli Yok ortada futbol var ama adÄ± vardÄ±. Galatasaray bugÃ¼n Ã§ok kÃ¶tÃ¼ ğŸ‘ oyun oynadÄ±.
-1,@hunharca_54 bÃ¼tÃ¼n hayallerimi yÄ±ktÄ±n insafsÄ±z ![ğŸ˜’](https://abs-0.twimg.com/emoji/v2/svg/1f612.svg) ![ğŸ˜’](https://abs-0.twimg.com/emoji/v2/svg/1f612.svg) @GalatasaraySK
-1,@resullok @GalatasaraySK sabri Ã¶lmeden almazlar
-1,@webaslan Galatasaray da ne doÄŸru yapÄ±lÄ±yor ki ğŸ‘ğŸ‘â¤ğŸ’›
-1,#FenerinMaÃ§Ä±Var Galatasaray muhabirleri net pis insanlardÄ±r ğŸ‘ https://t.co/IMCkPTPsUz
-1,#Galatasaray GÃ¶rdÃ¼ÄŸÃ¼m kadarÄ±yla bu sene forma aldÄ±rmayacaksÄ±nÄ±z... bu ne yahu ParÃ§alÄ±yÄ± bile ne hale getirmiÅŸsiniz... @GalatasaraySK @GSStore ğŸ‘ https://t.co/oOzx4pVw4M
-1,ğŸ‘ Galatasarayâ€™da transfer B-Ä°-T-M-E-Z derken ÅŸaka yapmÄ±yorlardÄ±
-1,80 gÃ¼nde transfer yapamayan vizyonsuz Galatasaray yÃ¶netimi 10 gÃ¼nde mi yapacak ... Vizyonsuzlar @GalatasaraySK
-1,"Abi Dursun'a sÃ¶vmekten baÅŸka Tweet atasim yok benim, adamda karakter varsa istifa eder. @dursunozbek2015 @GalatasaraySK"
-1,"Adamsan istifa edersin Hamza ... TakÄ±mÄ±'n iÃ§ine ettin , Galatasaray'a yakÄ±ÅŸmayan kÃ¼Ã§Ã¼k gelen biri..."
-1,Allah Galatasaray taraftarÄ±nÄ± bu yÃ¶netim ile sÄ±nÄ±yor hepimiz cennetligiz ins
-1,Allah rÄ±zasÄ± iÃ§in ne olur istifa et dursun sen sahtekar bir insansÄ±n Galatasaray baÅŸkanlÄ±ÄŸÄ± sana cok fazla. #DursunÃ–zbekistifaEt
-1,Amk herÅŸeyin Ã§akmasÄ± var bide siz kendiniz yaratÄ±n cinconlar ![ğŸ˜†](https://abs-0.twimg.com/emoji/v2/svg/1f606.svg)
-1,apartman yÃ¶neticileri sizin yaptÄ±ÄŸÄ±nÄ±z hatalarÄ± yapmaz be geri zekalÄ±lar... #Grosskreutz @GalatasaraySK
-1,Beceriksiz yÃ¶netim GalatasarayÄ± bu hale getirenler utansÄ±n son transfer gerÃ§ekleÅŸmedi malesef..
-1,Beceriksizler @GalatasaraySK
-1,Beceriksizler ordusu @GalatasaraySK
-1,Beceriksizler!! @GalatasaraySK
-1,ben ÅŸahsen Ã¶le bi manyaklÄ±k beklerim sizden ÅŸaÅŸÄ±rmam @GalatasaraySK
-1,Benfica da Atletico da Galatasaray'dan iyi. Gs bu ikisini geÃ§emez.
-1,Berbat bir oyun oynayan Galatasaray ğŸ‘
-1,BÄ±rakÄ±n GALATASARAY tarihinin en fiyasko yÃ¶netimini amatÃ¶r kulÃ¼pler bundan kÃ¶tÃ¼ yÃ¶netilenez hiÃ§ umudum yok ama ins en kÄ±sa zamanda kurtluruz
-1,Biraz geÃ§ kalmadÄ±nÄ±z mÄ± aÃ§Ä±klama yapmak iÃ§in ? Ã‡ok mu dÃ¼ÅŸÃ¼ndÃ¼nÃ¼z amk ![ğŸ˜‚](https://abs-0.twimg.com/emoji/v2/svg/1f602.svg) ![ğŸ˜‚](https://abs-0.twimg.com/emoji/v2/svg/1f602.svg) @GalatasaraySK
-1,Biz elbet 4. yÄ±ldÄ±zÄ± takÄ±caz ama siz asla 100. yÄ±lÄ±nÄ±zda ÅŸampiyon olamayacaksÄ±nÄ±z @GalatasaraySK
-1,Bizim Avrupa Liginde ki grup GalatasarayÄ±n Å.Liginde ki grubundan gÃ¼Ã§lÃ¼... Kim lan bu klÃ¼bÃ¼n cÃ¼nÃ¼bÃ¼...
-1,Bu Galatasaray yÃ¶netimi beni sinir ediyor be kardesim
-1,Bu kadar acemi bu kadar liyakatsiz bir yÃ¶netim gÃ¶rmedim GALATASARAY YÃ–NETIM ISTIFA
-1,"Bu taraftar , her kelimesini her cumlesini yalan ile bezemis baskan istemiyor! O yuzden #DursunOzbekÄ°stifa #Galatasaray @GalatasaraySK"
-1,Cimbom eski futbolcularina seferberlik gorev kagidi yollamis transfer yapamayinca
-1,Ã‡ARÅAMBA PAZARINI MI BEKLÄ°YORSUNUZ HADÄ° AÃ‡IKLAYIN ARTIK ULAN BÄ°R Ä°KÄ° TRANSFER. @GalatasaraySK
-1,Daha transfer yapamÄ±yosunuz ezik misiniz amk ya !!!! @GalatasaraySK
-1,Delirdim. Mutlusunuzdur insallah @GalatasaraySK
-1,Denayer de Galatasarayla gÃ¶rÃ¼ÅŸmeye geldiÄŸini deny etmiÅŸ. AdamÄ± gÃ¶rÃ¼ÅŸemeden elinden kaÃ§Ä±rmÄ±ÅŸ amk vasÄ±fsÄ±zlarÄ±.
-1,dursun Ã¶zbek istifa yÃ¶netim istifa yazsak neye yarar taraftarÄ± takan mÄ± var? #Galatasaray
-1,Dursun Ã¶zbek istifa. ...... @GalatasaraySK
-1,Dursun Ã¶zbek umut bulutuda al git hiÃ§ bu kadar nefret etmemiÅŸtim cimbomlu oldugumdan
-1,"Dursun Ã–zbek, Galatasaray camiasÄ±na kara bir lekedir!!"
-1,"En iyisi gÃ¶tze'yi alÄ±n siz..adam uyum saÄŸlayamaz,kÃ¶tÃ¼ oynarsa ""adam gÃ¶tze,biz napalÄ±m"" dersiniz..#Galatasaray #DursunOEzbekÄ°stifa"
-1,Galatasaray ballÄ± yere dÃ¼ÅŸtÃ¼ A ya gelseydi gÃ¶rÃ¼rdÃ¼m nasÄ±l hopluyorlar
-1,Galatasaray baÅŸkanÄ± tam bir gavat bu adamÄ± nasÄ±l baÅŸkan seÃ§miÅŸler amk
-1,"Galatasaray hakem yardÄ±mÄ± almadan oynarsa,feci gÃ¼mledi."
-1,Galatasaray iyi yirtti yine bi A grubu gelseydi boku yemislerdi
-1,Galatasaray kimseyi alamaz boÅŸuna transfer beklemeyin
-1,Galatasaray kulÃ¼bÃ¼ bÃ¼yÃ¼k taraftarÄ±nindir.ya bizim sesimize kulak veririsiniz yada tez vakitte defolup gidersiniz. @GalatasaraySK
-1,GALATASARAY lÄ±lar kendi Sirketinizde azÄ±nlÄ±ga dÃ¼ÅŸtÃ¼nÃ¼z http://hanogluhakan.com/tr/pagedetail/galatasarayhisselerikiminelinde/186â€¦ â€¦ Gercekler ACIDIR..
-1,"Galatasaray Manchester Cityden kiralamak istediÄŸi Jason Denayer, transfer gÃ¶rÃ¼ÅŸmesi yapmadan Ä°stanbulâ€™dan ayrÄ±ldÄ±. Beceriksiz YÃ¶netim"
-1,Galatasaray mevsimlik oyuncu transferlerine baÅŸlamÄ±ÅŸ. Rezillik ğŸ‘
-1,Galatasaray out ğŸ‘
-1,GALATASARAY REZIL FUTBOL KULUBU
-1,Galatasaray tarihinin en rezil yÃ¶netimi. KulÃ¼be daha fazla zarar vermeden Dursun Ã–zbek derhal istifa etmeli
-1,"Galatasaray'da o kadar Ã§ok deÄŸiÅŸmesi gereken ÅŸey var ki...ğŸ™„ Nereden nereye...ğŸ˜¥ Riera, Sneijder, Melo, Ujfalusi, Drogba gibi hem kaliteli hem de iÅŸ ahlakÄ± olan adamlardan Belhanda, Feghouli, Arda, Diagne, Ã–mer Bayram, Emre Akbaba'ya...ğŸ‘ Bu aÄŸÄ±r vasÄ±ta temposuz oyunla ligde ğŸ˜£"
-1,"Galatasaray'Ä± bu durumlara dÃ¼ÅŸÃ¼renler utansÄ±n!!!!Dursun Ã–zbek, Hamza...Aziz yÄ±ldÄ±rÄ±m ne diyor Ä°brahimoviÃ§'e 14 milyon veririm .Olay bu iÅŸte"
-1,"Galatasarayâ€™Ä±n kiralamak istediÄŸi Jason Denayer, transfer gÃ¶rÃ¼ÅŸmesi yapmadan Ä°stanbulâ€™dan ayrÄ±ldÄ±. Hahahahhahahahahhahahahahahahahahhahahaha"
-1,GeÃ§miÅŸ olsun vizyonsuz Galatasaray yÃ¶netimi transfer yapmadan transferi kapattÄ± ... Yuhhhh
-1,GelmiÅŸ geÃ§miÅŸ en kÃ¶tÃ¼ yÃ¶netim. HiÃ§ bir dÃ¶nemde galatasaray bu kadar aciz olmadÄ±. Bir transfer bile yapamÄ±yorsan biran Ã¶nce o koltuÄŸu terket
-1,GÃœLÃœMSEYÄ°N DÃœNYA'YA REZÄ°L OLDUNUZ! @galatasaraysk
-1,GÃ¼nÃ¼mÃ¼zde bir salak @GalatasaraySK bir transferi bile beceremiyor. Fifahahahahahaa
-1,"Hala hahaha ezik cincon, fenev kafasÄ±nda olup futboldan anladÄ±ÄŸÄ±nÄ± sanan kÄ±zlarÄ± imha etmek gerek"
-1,HamzaoÄŸlu'nun egolarÄ± yÃ¼zÃ¼nden takÄ±mÄ± parÃ§aladÄ±nÄ±z #Galatasaray
-1,HAMZAYI BAÄKURDAN EMEKLIYE AYIRMA ZAMANI GELDI ARTIK @GalatasaraySK
-1,"Hayattan soguttu bizi yonetim, bravo @GalatasaraySK"
-1,HOLLANDA ZATEN DÃ–ÅEYECEK BOÅUNA FATÄ°H TERÄ°ME KÃ–LELÄ°K YAPIYOSUNUZ @GalatasaraySK
-1,Iki tane son dakika kazigi transferi bekliyoruz pandev dzemaili ayari @GalatasaraySK
-1,Istifa edin yÃ¼reksiz korkak insanlar! hÃ¼sran yaÅŸatamazsÄ±nÄ±z bu taraftara! BurasÄ± GALATASARAY kÃ¼Ã§Ã¼lerek ne elde edeceksiniz?@dursunozbek2015
-1,Ä°stifa edin Ã§ekip gidin @GalatasaraySK
-1,Koskoca Galatasaray camiasÄ±na bu tarla stad yakÄ±ÅŸÄ±yor mu ya bide zeminin kapatÄ±lmÄ±ÅŸ halii yazÄ±kkk Ã§okk yazÄ±kkk ğŸ‘ #galatasaray #GSvKSM
-1,Koskoca kulÃ¼bÃ¼ bir avuÃ§ beceriksiz emanetÃ§i yÃ¶netiyor @GalatasaraySK babanÄ±zÄ±n malÄ± deÄŸil bilgi vermek zorundasÄ±nÄ±z
-1,Lan ÅŸu Cincondaki kura ÅŸansÄ± bizde olsa 2652616 kere almÄ±ÅŸtÄ±k UEFA yÄ±.. Vay akaminko ya
-1,Maddi aÃ§Ä±dan sÄ±kÄ±ntÄ±mÄ±z olmasÄ± normal takÄ±ma daha ne futbol da ne basketbol da sponsor bulunmuÅŸ deÄŸil diÄŸer branÅŸlarda belki @GalatasaraySK
-1,MÄ°LLET CHELSEA DAN ALIYO ONLARDAKÄ° VÄ°ZYON BÄ°LE SENDEN FAZLA @dursunozbek2015 @GalatasaraySK
-1,"NasÄ±l bir galatasaray yalakalÄ±ÄŸÄ±dÄ±r buğŸ‘ğŸ‘ğŸ‘YUH- @aspor #sporgÃ¼ndemi SaÄŸlÄ±k bakanlÄ±ÄŸÄ±na baÄŸlÄ± ambulans uÃ§aÄŸÄ±nda bir TÃ¼rk vatandaÅŸÄ± olarak benim de hakkÄ±m var ise , gs'ye helÃ¢l etmiyorumğŸ”’"
-1,Ne 1 gÃ¼n ne 1 saat. Koskoca Galatasaray'Ä±n transfer yetiÅŸtiremeyen acizlere ihtiyacÄ± yok. #DursunOzbekÄ°stifa
-1,Ne kadar gerizekalÄ± bu yÃ¶netim aq kÃ¼Ã§Ã¼cÃ¼k Ã§ocuk bile sizin yaptÄ±ÄŸÄ±nÄ±zÄ± yapmaz lan @GalatasaraySK
-1,O BAÅKAN BOZUNTUSU ÅUNU UTANMADAN YAZDIRABILIYOR DÄ°MÄ°? YAZIKLAR OLSUN @GalatasaraySK
-1,"o koltuklarÄ± terk etme zamanÄ±nÄ±z geldi, parasÄ± olan ama iki kelimeyi getirip cÃ¼mle kuramayan, beceriksiz insan topluluÄŸu @GalatasaraySK"
-1,Orospu cocugu galatasaray daha ballÄ± bir kura gelemezdi aq
-1,REAL MADRÄ°D HER SIKILDIÄINDA GALATASARAYI Ã‡AÄIRIP TOKATLAYIP YOLLUYOR ![ğŸ˜‚](https://abs-0.twimg.com/emoji/v2/svg/1f602.svg)
-1,Resmi internet sitemiz bile rezil yaa..burak'a yapÄ±lan teklifi newcastle united olarak yayÄ±nlÄ±yor..yazÄ±k yazÄ±k #Galatasaray @_ertemsener
-1,Rezalet takim maalesef clye gidiyor umarim kayyuma gidersin GalAtasaray beni bile soguttun kendinden #DursunOzbekÄ°stifa
-1,Sacma sapan transferleri neden yapiyorsunuz anlamiÅŸ degilim @GalatasaraySK
-1,"Sneijder ile kontrat yenileme yapmazsanÄ±z , Adam'Ä± bÃ¶yle kÃ¼stÃ¼rÃ¼rsÃ¼nÃ¼z ... Vizyonsuzlarrrr @GalatasaraySK"
-1,Susar mÄ±sÄ±n gerizekalÄ± Galatasaray'lÄ±lar aÄŸlÄ±yor ÅŸuan.
-1,ÅŸu an ki yÃ¶netime aÄŸÄ±z dolusu kin nefret kusmak istiyorum.. bu kadar yalancÄ± dÃ¼zenbaz iÅŸbilmez yÃ¶netim olmadÄ± olamaz @GalatasaraySK
-1,tarihin en vasÄ±fsÄ±z yÃ¶netimisiniz ayrÄ±ca liselilerin amk @GalatasaraySK
-1,Terraneoyu 5 gÃ¼nlÃ¼ÄŸÃ¼ne verelimde transfer yapÄ±n yazÄ±k @GalatasaraySK
-1,TRANSFER EKÄ°BÄ°NE KADIN ALIN AMK SÄ°ZDEN Ä°Ä° BECERÄ°R @dursunozbek2015 @GalatasaraySK
-1,U21 i de bozdunuz amk @GalatasaraySK
-1,Ulan adama da yazÄ±k aylarca futbol oynayamacak sizin beceriksizliÄŸiniz yÃ¼zÃ¼nden. Istifa edin. @GalatasaraySK
-1,Ulan bi oyuncuyu bile.almayi beceremiyo la bole baskan mi olur haha ![ğŸ˜](https://abs-0.twimg.com/emoji/v2/svg/1f601.svg) @GalatasaraySK
-1,Ulan onla anlaÅŸmaya yakÄ±n bunla anlaÅŸa yazdÄ± ÅŸunla dÃ¼ÅŸtÃ¼ kalktÄ± olum ALIN ARTK BIRINI LAN @GalatasaraySK
-1,usulsÃ¼zlÃ¼k nedir en iyi galatasaray bilir
-1,utanmasanÄ±z sabri Ã¶lse kemiklerini kadroya koyacaksÄ±nzÄ± amk salaklarÄ± @GalatasaraySK
-1,ÃœNAL AYSAL'IN tÄ±rnaÄŸÄ± olamazsÄ±nÄ±z siz @GalatasaraySK
-1,Vizyonsuz baskan vizyonsuz teknik direktor. Sonra Galatasaray basarisiz.
-1,Yaklasik 1.5 aydir Galatasarayda Ã¶ncelik stoper sagbek ve forvet yakin zamanda takviyeler yapilacak haberleri okuyorum yeter aq alin artik
-1,Yemin ediyorum dursun Ã¶zbek ve saz ekibi bÃ¼tÃ¼n GalatasaraylÄ±larla dalga geÃ§iyor
-1,YÄ±ldÄ±zÄ±nÄ±z 4 olsa alayÄ±nÄ±z GÃ–T olduktan sonra @GalatasaraySK
-1,YÃ–NETÄ°M Ä°STÄ°FA ! @GalatasaraySK
-1,YÃ¶netim istifa #Galatasaray
-1,YÃ¶netim Ä°stifa!! @GalatasaraySK
-1,"YÃ¶netimi, teknik heyeti, futbolcularÄ±... Kendilerini Ã¶verken bile Galatasaray kÄ±yasÄ±. KulÃ¼p toptan psikolojik yardÄ±m almalÄ±, durum vahim ğŸ˜‚ Vizyon 0 ğŸ‘ #ferdikadioglu https://t.co/0NYt4mTdk8"
-1,Zaten dursun Ã¶zBEK o oynar sag bekte.. #yÃ¶netim #istifa @GalatasaraySK
1,19:05 Galatasaray'Ä± ne kadar Ã§ok seviyorsun dediklerinde o Ã§okluÄŸu gÃ¶sterememek var birde iÅŸte o Ã§ok kÃ¶tÃ¼
1,3 sponsorluk anlaÅŸmasÄ± tamam hersey galatasaray spor kulÃ¼bÃ¼nÃ¼n istediÄŸi gibi gidiyo
1,ArkadaÅŸlar takima oyunculara destek olalÄ±m bunkar medya baskÄ±sÄ± GalatasarayÄ± yÄ±pratmaya Ã§alÄ±ÅŸÄ±lÄ±yor
1,Ben galatasaraylÄ±yÄ±m
1,BÄ°R GÃœN HERKES 4. YILDIZI TAKICAK FAKAT TARÄ°H GALATASARAYI YAZICAK.
1,Bize tek bigÃ¼n deÄŸil hergÃ¼n GALATASARAY. #BugÃ¼nGÃ¼nlerdenGALATASARAY ![ğŸ’›](https://abs-0.twimg.com/emoji/v2/svg/1f49b.svg) ![â¤](https://abs-0.twimg.com/emoji/v2/svg/2764.svg)
1,BUGÃœN GALATASARAY'LI OLDUÄUM Ä°Ã‡Ä°N BIR KEZ DAHA GURURLANDIM ğŸ’›â¤ fenerbahÃ§e adÄ±na bir kez daha utandÄ±m ğŸ‘
1,canÄ±mÄ±z sÄ±kkÄ±n olduÄŸunda Galatasaray marÅŸlarÄ± dinleyen insanlarÄ±z biz
1,CÄ°MBOM'un maÃ§Ä± varya yine zaman geÃ§miyor.
1,Cimbomun maÃ§Ä± var #ÅampiyonEvineGeliyor
1,Evet gerizekalÄ± bursada yaÅŸÄ±yorum ama GALATASARAY lÄ±yÄ±m ![ğŸ˜‰](https://abs-0.twimg.com/emoji/v2/svg/1f609.svg)
1,Galatasaray formasÄ± o boru degil
1,Galatasaray iÃ§in gÃ¶z yaÅŸÄ± dÃ¶ken insanlarÄ± sevin kollayÄ±n
1,GALATASARAY SENÄ°N UÄRUNA VARSIN GÃœLMESÄ°N KADERÄ°M
1,GALATASARAY SPOR KULÃœBÃœ yine azize ve feneve gecirmis hahahaha KAPAKKKKKK
1,Galatasaray taraftarÄ± olarak elimden geldiÄŸince Ã¼lker de almÄ±ycam yandex de kullanmÄ±ycam google firefox explorer e devam
1,Galatasaray wp grubu kurucam genÃ§ler gelmek isteyen ulaÅŸsÄ±n #BugunGunlerdenGalatasaray ![âœŒ](https://abs-0.twimg.com/emoji/v2/svg/270c.svg)
1,GalatasarayÄ±mÄ±n macÄ± var ama kuzenlerimin gitmesine sayÄ±lÄ± gÃ¼n var. Bu nasÄ±l ikilemdir bilemezsiniz..
1,GalatasarayÄ±n maÃ§Ä± olduÄŸu iÃ§in mi zaman geÃ§miyor
1,GALATASARAYIN maÃ§Ä± var oluuuum ![ğŸ’ªğŸ»](https://abs-0.twimg.com/emoji/v2/svg/1f4aa-1f3fb.svg) ![ğŸ’›](https://abs-0.twimg.com/emoji/v2/svg/1f49b.svg) ![â¤ï¸](https://abs-0.twimg.com/emoji/v2/svg/2764.svg)
1,neredeyse 1 saattir Galatasaray marÅŸÄ± dinliyorum ![ğŸ™…](https://abs-0.twimg.com/emoji/v2/svg/1f645.svg)
1,Sadece profilinde #Galatasaray yazdÄ±ÄŸÄ± iÃ§in takip ettiÄŸim kiÅŸiler var.
1,sarÄ±ya bakar kÄ±rmÄ±zÄ± gÃ¶rÃ¼rÃ¼m aÅŸka bakar galatasaray gÃ¶rÃ¼rÃ¼m
1,Seni severim ama Galatasaray'a AÅŸÄ±ÄŸÄ±m.
1,ÅerefsizliÄŸin oluk gibi aktÄ±ÄŸÄ± zamanda iyi ki GalatasaraylÄ±yÄ±m iyiki Galatasaray ğŸ’›â¤ï¸
1,YÃ¼rÃ¼ be Galatasaray ![ğŸ˜Š](https://abs-0.twimg.com/emoji/v2/svg/1f60a.svg) grup fena deÄŸil gibi hani...
-1,@cairo96500025 Fenerbahce = Loser ğŸ˜€ğŸ‘
-1,@emrekbol fenerbahÃ§e nin paralÄ± kÃ¶peÄŸi iÅŸine bak sanane BeÅŸiktaÅŸ dan .
-1,@Fenerbahce @Besiktas sizde Ã§Ã¶p filan Ã§ekin bari :/ olmadÄ± bÃ¶yle
-1,@Fenerbahce @Fenerbahce_EN Abi harbiden yazÄ±k bee yazÄ±k ğŸ‘
-1,@Fenerbahce @Fenerbahce_EN Niye zahmet ettiniz malaklar ğŸ‘
-1,@Fenerbahce ArtÄ±k yeter kanser olucaz ğŸ‘
-1,@Fenerbahce Ben bu kaybetmelerden Ã§ok sÄ±kÄ±ldÄ±m son transferde iÅŸe yaramadÄ± biÅŸeyler yapÄ±n artÄ±k sinir oluyorum ğŸ˜¤ğŸ¤§ğŸ‘
-1,@Fenerbahce Bu takÄ±m ne yapmaya Ã§alÄ±ÅŸÄ±yor. Anlayan varmÄ±...???ğŸ‘ğŸ‘
-1,@Fenerbahce Bu yenilgiden sonra gÃ¼ven denen ÅŸey kalmadÄ± maalesefğŸ‘
-1,@Fenerbahce DeÄŸerlendirecek ne var ki ? Koca bir ruhsuzlar topluluÄŸu var karÅŸÄ±mÄ±zda deÄŸil futbol oynamak koÅŸmaya bile mecalleri kalmamÄ±ÅŸ ğŸ‘ @AbdulkerimDrmz_ @aspor @ersinduzen
-1,@Fenerbahce Eserinizle gurur duyun Ali KoÃ§ baÅŸkan Emre BelÃ¶zoÄŸlu Erol bulut artÄ±k Ã§oook geÃ§ Erol bulut gitse ne olur gitmese ne olur bay ğŸ‘ğŸ‘ğŸ‘ğŸ‘ğŸ‘ğŸ‘ğŸ‘ğŸ‘ğŸ‘ğŸ‘ğŸ‘ğŸ‘ğŸ‘ğŸ‘ğŸ‘ğŸ‘ğŸ‘ğŸ‘ğŸ‘ğŸ‘ğŸ‘ğŸ‘ğŸ‘ğŸ‘ğŸ‘
-1,@Fenerbahce Eskisi kadar sevilmiyorsun artÄ±k ğŸ‘
-1,"@Fenerbahce gÃ¼n mÃ¼ kaldÄ± be, aÄŸzÄ±mÄ±za sÄ±Ã§tÄ±nÄ±z bile bile gÃ¶re gÃ¶re erol denilen adama gÃ¼vendiniz bitirdiniz bizi, elalem liderken hocasÄ±nÄ± deÄŸiÅŸtiriyor siz baÅŸarÄ±sÄ±zlÄ±ÄŸa prm veriyorsunuz,ğŸ˜¡ğŸ˜¡ğŸ˜¡ğŸ‘"
-1,@Fenerbahce SÃ¼tten Ã§Ä±kmÄ±ÅŸ ak kaÅŸÄ±ksÄ±nÄ±z sanki al birini vur Ã¶tekine ğŸ‘
-1,@Fenerbahce Ya bu kaÃ§Ä±ncÄ± ğŸ‘ŠğŸ» ArtÄ±k ne sabrÄ±mÄ±z kaldÄ± nede sÄ±kacak diÅŸimiz ğŸ‘ Bir maÃ§Ä±da diken Ã¼stÃ¼nde seyretmeyelim yeter artÄ±k .
-1,@Fenerbahce YazÄ±k ğŸ‘
-1,@Fenerbahce YazÄ±klar olsun takÄ±m da forvet namÄ±na biÅŸey yok... Ayakta duramayan cisse maÃ§Ä±n son anÄ±na kadar oynuyor. thiam in ayaÄŸÄ±na top deymedi.samatta ğŸ‘ osayi kendine bile Ã§alÄ±m atÄ±yor sonuÃ§ yok.Gustavo sÃ¼rekli geri dÃ¶nÃ¼yor savunma pert.Ligin dÃ¼ÅŸme hattÄ±ndaki takÄ±mÄ± yenemeyen bjk hiÃ§
-1,@Fenerbahce Yine mi aÄŸlÄ±yorsunuz . ArtÄ±k baydÄ±nÄ±z varya. ğŸ‘
-1,@Fenerbahce YONETÄ°M Ä°STÄ°FA.. ğŸ‘ğŸ¤¬ğŸ˜¡
-1,@ibrademir neyse fenevlile takÄ±mÄ± konuÅŸacak halim yok
-1,@simbilliemre 5.Ã‡Ã¶p TorbasÄ±ndanda Fener Gelir HHAHAHAHA
-1,@ZekiUzundurukan aga boÅŸver feneri Trabzon'dan haber ver
-1,@zeydemirr Ã¼zÃ¼lme knk FenerbahÃ§e'de kura Ã§ekimine Ã§Ã¶p torbasÄ±ndan katÄ±lÄ±yo
-1,#ChampionsLeague kura Ã§ekimi @TFFSuperLig tÃ¼m maÃ§larÄ±ndan daha heyecanlÄ± ama sizler @Fenerbahce ve @Besiktas bunu ANLAYAMAZSINIZ
-1,"#DÃ¶ndÃ¼mVeDedimKi Valencia ""Feghouli"" feneve satsa bile bi halt olmaz #iyigitmiyor tek gerÃ§ek #Besiktas"
-1,#FBvGB sÃ¼rekli kendini yere atÄ±p penaltÄ± bekleyen takÄ±m. Beter ol #Fenerbahce ğŸ‘ğŸ‘ğŸ‘ğŸ‘ğŸ‘ğŸ‘
-1,âŒ FenerbahÃ§e stadÄ±nÄ±n zeminine neden kimse sallamÄ±yor acabaâ€¼ï¸ âŒ Eyyam herkesin iÃ§ine kaÃ§mÄ±ÅŸ ğŸ‘
-1,3 gun sonra CL kura cekimi var. fenevliler sizi ilgilendirmiyor
-1,80 tl bilet parasÄ±nÄ± gÃ¶tÃ¼nÃ¼ze sokarsÄ±nÄ±z @Fenerbahce
-1,"Askerlik yapan adam olur, yapmayan FenerbahÃ§e'ye baÅŸkan olur. Vatan haini..."
-1,Askerlik yapmamak iÃ§in sahte Ã§Ã¼rÃ¼k raporu alan @Fenerbahce baÅŸkanÄ± A.Y. vatani gÃ¶rev Ã¼stÃ¼nden milli takÄ±m coachu Ergin AtamanÄ± eleÅŸtiriyor !
-1,AyrÄ±ca feneV ve bjk taraflarinda ayrÄ± bir gerginlik adamlar merakla bekliyor hangi takÄ±mÄ±n atkisini aÃ§acaklarÄ±nÄ±
-1,Aziz hÄ±rslandÄ±kÃ§a saÃ§malÄ±yor baÅŸkanlÄ±ÄŸÄ± Ali KoÃ§'a devretcekmiÅŸ hani kimse FenerbahÃ§e'den bÃ¼yÃ¼k deÄŸildi ÅŸimdi kendi malÄ±n gibi konuÅŸuyosun.
-1,Aziz yÄ±ldÄ±rÄ±m gerÃ§ekten Ã§ok boÅŸsun ya. FenerbahÃ§enin baÅŸkanÄ±na facebookta yapÄ±lan ergen yorumlarÄ± yakÄ±ÅŸmÄ±yor vallahi
-1,Aziz yÄ±ldÄ±rÄ±mÄ±n FenerbahÃ§eye sportif olarak verdiÄŸi zararlar bu toplumsal yaranÄ±n yanÄ±nda devede kulak kalÄ±r
-1,Ben bu fenev baÅŸkanÄ± kadar atÄ±p tutan GS Ã¼stÃ¼nden prim yapan hiÃ§ kimseyi gÃ¶rmedim
-1,Ben ÅŸimdi anladÄ±m bunlar dÃ¼nyada 1 numaralÄ± rezil takÄ±m diye tanÄ±nÄ±yorlar sksjsj @12numaraorg @Fener10line
-1,Bence bin gassaaraylÄ± onbin fenerliyi yok eder.
-1,Bize yine cl size hÃ¼sran @Fenerbahce #ChampionsLeague #UCLdraw
-1,Bizim takÄ±mÄ±n amansÄ±z hastalÄ±ÄŸÄ± devam ediyor @Fenerbahce ğŸ‘ğŸ‘
-1,Bu heycan ne demek anlayamassiniz @fenerbahce @besiktas #KuraHeyecanÄ±Bets10da
-1,Bu ligdeki herÅŸey tamamen hayal ÃœRÃœNÃœR..!! @Fenerbahce senin iÃ§in !! #ChampionsLeague
-1,"Bu ne demektir.... Sporada siyaseti bulaÅŸtÄ±rmanÄ±n imzalÄ± fotoÄŸrafÄ± sanÄ±yorum.... BÃ¶yle ise, FenerbahÃ§e yÃ¶netimi de istifa ğŸ‘ğŸ‘ğŸ‘ğŸ‘ğŸ‘ğŸ‘ğŸ‘ğŸ‘ğŸ‘ğŸ‘ğŸ‘ğŸ‘ğŸ‘ğŸ‘ğŸ‘ğŸ‘ğŸ‘ğŸ‘ğŸ‘ğŸ‘ğŸ‘ğŸ‘ğŸ‘ğŸ‘ğŸ‘ğŸ‘ğŸ‘ğŸ‘ğŸ‘ğŸ‘ğŸ‘ğŸ‘ğŸ‘ https://t.co/Cqd4EuIRAK"
-1,Bu yÄ±l kaptanlarÄ± gÃ¶ndermek hoÅŸunuza gitti galiba? Ã–nce Emre ÅŸimdi Emir.... :(((( @Fenerbahce
-1,Cenk tosun feneve kosun
-1,Ã‡ok ÅŸÃ¼kÃ¼r kÃ¶tÃ¼ gÃ¼nler geÃ§ti gitti geride kaldÄ± ÅŸimdi sÄ±ra daha da kÃ¶tÃ¼ gÃ¼nleri yaÅŸamaya ğŸ¤¨ @Fenerbahce ğŸ‘ ğŸ‘ğŸ‘ğŸ‘ğŸ‘ğŸ‘ğŸ‘ğŸ‘ğŸ‘ğŸ‘ğŸ‘
-1,Dalga geÃ§mek maksatlÄ± sÃ¶ylemiyorum ama iyi ki #Fenerbahce li deÄŸilim lan harbiden insan kanser olur abi tamam kaybedebilirsin yenilebilirsin ama takÄ±mda takÄ±m denen biÅŸey yok her sene ÅŸÃ¶yle olcak bÃ¶yle olcak son zaman hÃ¼sran ğŸ‘
-1,Etraf leÅŸ gibi fenerli kaynÄ±yo ![ğŸ˜’](https://abs-0.twimg.com/emoji/v2/svg/1f612.svg) ![ğŸ˜’](https://abs-0.twimg.com/emoji/v2/svg/1f612.svg)
-1,Fener formasi giyen bozuluyo arkadas van persie faul yapmadim demis ![ğŸ˜‚](https://abs-0.twimg.com/emoji/v2/svg/1f602.svg) ![ğŸ˜‚](https://abs-0.twimg.com/emoji/v2/svg/1f602.svg)
-1,Fener yalakasÄ± fanatik. CevabÄ± mayÄ±sta kupayÄ± kaldÄ±rarak vereceÄŸiz
-1,fener'de ters giden biÅŸey var. aziz ÅŸu anda ibra'yÄ± ortaya atarak zemin hazÄ±rlÄ±yor.
-1,Fenerbahahahha ulan yine sÃ¶yleyemedim
-1,FenerbahÃ§e camiasÄ±nÄ±n vasat ideolojisi ektedir ğŸ‘ #ÅÄ±marÄ±kYalÄ±Ã‡ocuÄŸu https://t.co/isipGxlZF6 #ÅÄ±marÄ±kYalÄ±Ã‡ocuÄŸu
-1,"FenerbahÃ§e halkÄ±n takÄ±mÄ± deÄŸildir , bilet fiyatlarÄ± fenerium Ã¼rÃ¼nleri filan anca Ä°sviÃ§re halkÄ±nÄ±n takÄ±mÄ± olur bizim halkÄ±. AÅŸar"
-1,FenerbahÃ§e kuraya Ã§Ã¶p torbasÄ±ndan katÄ±lÄ±yor haahhahahahahahah
-1,FenerbahÃ§e sezon sonunda ne yapar bilemiyorum ama bence kÃ¶tÃ¼ bir kadro yapÄ±lanmasÄ± yaptÄ±.
-1,"FenerbahÃ§e transfer olan topÃ§ular ""aa ben zaten Feneliyim , hep burayÄ± istemiÅŸtim , eurobahÃ§e pardon en bÃ¶yÃ¼k fenevbahce"" pavaciklar."
-1,Fenerin kÃ¶peÄŸi ibne @ntv #KahpeBasÄ±n
-1,GALATASARAY SPOR KULÃœBÃœ yine azize ve feneve gecirmis hahahaha KAPAKKKKKK
-1,Haydi fener'liler BeÅŸiktaÅŸ'lÄ±lar kuralar Ã§ekildimi atkÄ±larÄ±nÄ±zÄ± hazÄ±rlayÄ±n ![ğŸ˜‚](https://abs-0.twimg.com/emoji/v2/svg/1f602.svg) ![ğŸ˜‚](https://abs-0.twimg.com/emoji/v2/svg/1f602.svg)
-1,Her seferinde transfer de ÅŸampiyon oluyorsunuz.Tamam da yÄ±ldÄ±zlarÄ± neden Galatasaray takÄ±yor.Sahi kac sene oldu CL ye gitmeyeli @Fenerbahce
-1,Ä°brahimovic'in menejari fenerden baÅŸka tÃ¼rk takÄ±mÄ±yla konuÅŸursa 10 milyon euro verecekmiÅŸ azize yuh yalanÄ±nda bukadaro amk skfnsjsn ![ğŸ˜‚](https://abs-0.twimg.com/emoji/v2/svg/1f602.svg)
-1,Ä°lla romantik ol diyorsan gel sevgili mum Ä±ÅŸÄ±ÄŸÄ±nda Feneve sÃ¶velim.
-1,Ä°nÅŸallah FenerbahÃ§eli birine aÅŸÄ±k olursun nasÄ±l bir beddua tarzÄ±dÄ±r bÃ¶yleleri hep beni bulmak zorunda mÄ±? ![ğŸ˜¤](https://abs-0.twimg.com/emoji/v2/svg/1f624.svg)
-1,Ä°zliyonuzmu lan ezik fenevliler
-1,"Kimse Milli TakÄ±m hocasÄ±na giydiremez. Futbol, Bayan-Erkek Basketbol HocalarÄ±nÄ±n hepsi Galatasaray HocasÄ±. SaygÄ± duyacaksÄ±nÄ±z @Fenerbahce"
-1,Koca Ã¼lkeyi rezil ediyorsunuz Emek HÄ±rsÄ±zlarÄ±.. @Fenerbahce @12numaraorg https://twitter.com/SporFiX/status/637242952239194112â€¦
-1,Kura cekimi var heyecandan Ã¶lcem. fenerliler anlamaz
-1,Lan ne hale dÃ¼ÅŸtÃ¼n. Bok mu vardÄ± fenerbahÃ§eye gelecek
-1,Niye bÃ¼tÃ¼n arkadaÅŸlarÄ±m fenevli ya. MaÃ§ gÃ¼nleri yalnÄ±zlarÄ± oynuyorum.
-1,O zaman sayÄ±n BaÅŸkan galatasarayli didem akÄ±n o zaman neden hala fenerbahÃ§e de managerlik yapÄ±yor
-1,Para para ÅŸike ÅŸike o. Ã‡ocuÄŸu Ä°BNE @Fenerbahce
-1,Pereira ben sihirbaz deÄŸilim her maÃ§Ä± farklÄ± kazanÄ±cak deÄŸiliz demiÅŸ yalnÄ±z fener geldiÄŸinden beri Ä°ran takÄ±mÄ± hariÃ§ kimseye fark atamadÄ±.s
-1,Sevgili besiktasli kardeslerim bu ulkerin hicbir malini almayin lutfen fenere destek saglayan insanlari zengin etmeyelim
-1,Siz izlemeyin lan gevÅŸekler @Fenerbahce @Besiktas
-1,SonuÃ§ olarak ben bu FenerbahÃ§e den hiÃ§ biÅŸey anlamadÄ±m
-1,Tam bir fener yalakasÄ± olduÄŸunu gÃ¶rdÃ¼k Harun erdenay.
-1,TBF de TFF de fener yancisi sikeci serefsizlerdir.
-1,TRT Spor'u aÃ§ CL mÃ¼ziÄŸi var dinlersin bi de Ã§ekiliÅŸ var sen bilmezsin ama neyse bak Ã–ÄŸren @Besiktas @Fenerbahce ![ğŸ˜‚](https://abs-0.twimg.com/emoji/v2/svg/1f602.svg) ![ğŸ˜‚](https://abs-0.twimg.com/emoji/v2/svg/1f602.svg)
-1,Uefa kadrosundan stochu Ã§Ä±karÄ±p volkan ÅŸeni almak. Bravo fener senin aq ![ğŸ‘](https://abs-0.twimg.com/emoji/v2/svg/1f44f.svg) ![ğŸ‘](https://abs-0.twimg.com/emoji/v2/svg/1f44f.svg)
-1,Ulan bu BeÅŸiktaÅŸlÄ±larda fenerlilerde harbiden yaramaz DÃ¼ne kadar biri azize biri oÄŸuzhana koÅŸmuyo diye kÃ¼fÃ¼r ederdi 3 haftada ilÃ¢h yaptÄ±lar ![ğŸ˜„](https://abs-0.twimg.com/emoji/v2/svg/1f604.svg)
-1,"Yeter bu rezillik ğŸ‘ Yeter bu bizim yaÅŸadÄ±ÄŸÄ±mÄ±z stres ğŸ‘ŠğŸ» Yeter yeter artÄ±k rahat,keyifli bir futbol izlemek istiyoruz. Bu kadar basit deÄŸil FenerbahÃ§e ruhu denen bir ÅŸey kalmamÄ±ÅŸ #erolbulut @Fenerbahce @AbdulkerimDrmz_ #AliKoc #EmreBelozoglu #FBvGOEZ https://t.co/bsEwlKU7sM"
-1,ZAMANINDA TANJEVIC PÄ°Ã‡Ä° HEM FENEV HEM MILLI TAKIM ANTRENÃ–RU OLUNCA USULSUZ TRANSFER YAPINCA SES YOK ERGIN ATAMAN OLUNCA HEMEN Ã‡AMUR ATIN!!
1,@asporcomtr FenerbahÃ§e okadar bÃ¼yÃ¼k ki ts ve gs'yi toplasanÄ±z yinede FenerbahÃ§eye eriÅŸemezsiniz.
1,@mzyynaldi KÃ¶tÃ¼ ğŸ‘ Sonuna kadar FENERBAHÃ‡E ğŸ’› https://t.co/kxwHyGW3Da
1,#DÃ¶ndÃ¼mVeDedimKi bu FenerbahÃ§e tÃ¼rkiye ligine Ã§ok fazla...
1,#instagram #fenerbahÃ§e #yandex #destekol #hepdestektamdestek #1907 @ Eyup Topcular https://instagram.com/p/6iD7b5Dfpg/
1,19:07 HayatÄ±mÄ±z FenerbahÃ§e ![ğŸ˜](https://abs-0.twimg.com/emoji/v2/svg/1f60d.svg)
1,19:07 itibarÄ± ile #FBYandex 'ten Arama Yaparak kulÃ¼bÃ¼mÃ¼ze katkÄ±da bulunmak iÃ§in HazÄ±rmÄ±yÄ±z (Son 20 Dk) #Fenerbahce
1,Az kaldÄ± Fenerimin maÃ§Ä±na ![âœŒ](https://abs-0.twimg.com/emoji/v2/svg/270c.svg)
1,BaÄŸÄ±rÄ±n ulan fenerbahÃ§e Ã§ok yaÅŸa diye #fenerinmacivar
1,Benim acÄ±mdan yarÄ±n ki mac FenerbahÃ§enin toplayacaÄŸÄ± puanlarÄ±ndan daha Ã¶nemlisi kadroya Rotasyon yapacak alanÄ±n aÃ§Ä±lmasÄ±.
1,Bu aralar tek mutluluÄŸumuz FenerbahÃ§e.
1,BugÃ¼n GÃ¼nlerden #FenerbahÃ§e saldÄ±r kanaryam vur kÄ±r ParÃ§ala
1,Ciddiyetimiz FenerbahÃ§e'mizin aseletindendir ![ğŸ‘](https://abs-0.twimg.com/emoji/v2/svg/1f44f.svg) ![ğŸ‘](https://abs-0.twimg.com/emoji/v2/svg/1f44f.svg) ![ğŸ’™](https://abs-0.twimg.com/emoji/v2/svg/1f499.svg) ![ğŸ’›](https://abs-0.twimg.com/emoji/v2/svg/1f49b.svg) ![ğŸ’™](https://abs-0.twimg.com/emoji/v2/svg/1f499.svg) ![ğŸ’›](https://abs-0.twimg.com/emoji/v2/svg/1f49b.svg) #fenerbahÃ§e @ Corluâ€¦ https://instagram.com/p/65EL47H6-zb6uakDQsBPZO_438LyPde7ul7JY0/â€¦
1,Diyelim ki seni fenerbahÃ§e kadar seviyorum ![ğŸ‰](https://abs-0.twimg.com/emoji/v2/svg/1f389.svg)
1,FENERBAHÃ‡E'mi desteklemeye gidyorum ![ğŸ’›](https://abs-0.twimg.com/emoji/v2/svg/1f49b.svg) ![ğŸ’™](https://abs-0.twimg.com/emoji/v2/svg/1f499.svg) (@ Arhavi-Rize Sahil Yolu) https://swarmapp.com/c/4xjy7GWNy59
1,FENERBAHÃ‡E'nin maÃ§larÄ±nÄ± Ã¶zledik!
1,FENERBAHÃ‡ELÄ° YANDEX KULLAN !
1,FenerbahÃ§emiz iÃ§in Yandexle @FBYandex @12numaraorg
1,Fenerin maÃ§Ä± var ! BaÄŸÄ±rÄ±n ulan en bÃ¼yÃ¼k FenerbahÃ§e diye !! ![ğŸ’›](https://abs-0.twimg.com/emoji/v2/svg/1f49b.svg) ![ğŸ’™](https://abs-0.twimg.com/emoji/v2/svg/1f499.svg)
1,Fenerin maÃ§Ä± varsa benden mutlusu olmaz. SaldÄ±r FenerbahÃ§emm oleyyyyyyyyyyyyyy
1,"Futbol acÄ±mazsÄ±zdir. Hele FenerbahÃ§e daha acÄ±masÄ±z. Ä°ÅŸini yapamayan gider. Baba ocagi, camianin evladi iÅŸi sÃ¶kmez. BaÅŸarÄ±rsan varsÄ±n"
1,Gurur verici bi ÅŸey yapmak istiyorsanÄ±z FenerbahÃ§eli olun. Gundem Yazari
1,Heybetinden sÄ±ÄŸdÄ±ramadÄ±k yere gÃ¶ÄŸe FenerbahÃ§emmm ![ğŸ’œ](https://abs-0.twimg.com/emoji/v2/svg/1f49c.svg)
1,iyi ki realle maÃ§ yapÄ±yonuz bi havalar bi havalar aq maÃ§Ä± realle yapÄ±yo fenere sallÄ±yo neyin kafasÄ± bu
1,KÄ±z istemeye gidicez Terrenao reyiz bizimle gelir mi ? Kizi kesin almamiz gerekiyor. @Fenerbahce
1,Kimse yoksa FenerbahÃ§e var. O kadar kasmayÄ±n.
1,Lan erkek dediÄŸin FenerbahÃ§eli olur.
1,Mutlu olamÄ±yorsan fenerbahÃ§eli olmayÄ± dene ![âœŒ](https://abs-0.twimg.com/emoji/v2/svg/270c.svg)
1,Olsunmu olmasÄ±n dert sana uÄŸramasÄ±n @Fenerbahce 19.07 ![ğŸ’™](https://abs-0.twimg.com/emoji/v2/svg/1f499.svg) ![ğŸ’›](https://abs-0.twimg.com/emoji/v2/svg/1f49b.svg)
1,Onu bunu siktir et bugÃ¼n #fenerinmacivar ![ğŸ’›](https://abs-0.twimg.com/emoji/v2/svg/1f49b.svg) ![ğŸ’™](https://abs-0.twimg.com/emoji/v2/svg/1f499.svg)
1,Sadece FenerbahÃ§e'yi sevin. DiÄŸerleri sevilecek gibi deÄŸil.
1,Saldir Fener bizim icin Ã¶lÃ¼mÃ¼ne!!
1,"Son 3 saat, 38 dakika, Fener'imin maÃ§Ä± var ulan! ![ğŸ‘ŠğŸ¼](https://abs-0.twimg.com/emoji/v2/svg/1f44a-1f3fc.svg) ![ğŸ’ªğŸ¼](https://abs-0.twimg.com/emoji/v2/svg/1f4aa-1f3fc.svg)"
1,"Åu lanet gÃ¼ndem ve ortamda tek istediÄŸimiz Fenerbahcemizi seyretmek, onun iÃ§in de git tivibu bul !"
1,Åu topcuyu biz alsak sÃ¼per olurdu @Fenerbahce
1,"TEK BÃœYÃœKSÃœN,EN BÃœYÃœKSÃœN FENERBAHÃ‡EM! 19:07 ![â¤](https://abs-0.twimg.com/emoji/v2/svg/2764.svg)"
1,VarlÄ±ÄŸÄ±m FenerbahÃ§e varlÄ±ÄŸÄ±na armaÄŸan olsun. 19 ![âš½](https://abs-0.twimg.com/emoji/v2/svg/26bd.svg) 7 ![ğŸ’›](https://abs-0.twimg.com/emoji/v2/svg/1f49b.svg) ![ğŸ’™](https://abs-0.twimg.com/emoji/v2/svg/1f499.svg) @Fenerbahce
